0,Gloria Welsh,gloriawelsh@gmail.com
1,Melissa Tart,melissatart@gmail.com
2,Bruce Meinke,brucemeinke@gmail.com
3,Betty Hecker,bettyhecker@gmail.com
4,Stacy Mackenzie,stacymackenzie@gmail.com
5,Charles Woods,charleswoods@gmail.com
6,Richard Wolfe,richardwolfe@gmail.com
7,Vera Smith,verasmith@gmail.com
8,Susan Laflamme,susanlaflamme@gmail.com
9,Jeanne Mendoza,jeannemendoza@gmail.com
10,Shirley Hyde,shirleyhyde@gmail.com
11,Owen Simpson,owensimpson@gmail.com
12,Albert Sink,albertsink@gmail.com
13,Elizabeth Reynolds,elizabethreynolds@gmail.com
14,David Slaugh,davidslaugh@gmail.com
15,Carlos Sayers,carlossayers@gmail.com
16,Shannon Godines,shannongodines@gmail.com
17,Bryan Maulden,bryanmaulden@gmail.com
18,Mary Traverso,marytraverso@gmail.com
19,Christine Allman,christineallman@gmail.com
20,James Tice,jamestice@gmail.com
21,Casie Barkley,casiebarkley@gmail.com
22,Natasha Johnson,natashajohnson@gmail.com
23,Tiffany Erickson,tiffanyerickson@gmail.com
24,Angie Carlock,angiecarlock@gmail.com
25,Melissa Arra,melissaarra@gmail.com
26,Geraldine Todd,geraldinetodd@gmail.com
27,Carolyn Fox,carolynfox@gmail.com
28,Mary Davis,marydavis@gmail.com
29,Robert Fleming,robertfleming@gmail.com
30,Charlotte Toelke,charlottetoelke@gmail.com
31,Horace Ehrlich,horaceehrlich@gmail.com
32,Maxine Campbell,maxinecampbell@gmail.com
33,Billy Clark,billyclark@gmail.com
34,Susie Johnson,susiejohnson@gmail.com
35,David Schock,davidschock@gmail.com
36,Gordon Davis,gordondavis@gmail.com
37,Kimberly Christianson,kimberlychristianson@gmail.com
38,Tamie Scarberry,tamiescarberry@gmail.com
39,Larae Cruz,laraecruz@gmail.com
40,William Chamberlain,williamchamberlain@gmail.com
41,Jesus Aguilar,jesusaguilar@gmail.com
42,John Mezzatesta,johnmezzatesta@gmail.com
43,Charles Santiago,charlessantiago@gmail.com
44,Ashley Glass,ashleyglass@gmail.com
45,Darius Cunningham,dariuscunningham@gmail.com
46,Herman Leanos,hermanleanos@gmail.com
47,Tamara Randall,tamararandall@gmail.com
48,Brittany Keppler,brittanykeppler@gmail.com
49,Cheryl Gutierrez,cherylgutierrez@gmail.com
50,Pattie Wedgeworth,pattiewedgeworth@gmail.com
51,Anna Herrera,annaherrera@gmail.com
52,Brenda Fortman,brendafortman@gmail.com
53,Susan Miller,susanmiller@gmail.com
54,Glen Aronson,glenaronson@gmail.com
55,Amy Bilbao,amybilbao@gmail.com
56,Timothy Terrell,timothyterrell@gmail.com
57,Rodolfo Greiner,rodolfogreiner@gmail.com
58,Justin Myer,justinmyer@gmail.com
59,Victor Widmer,victorwidmer@gmail.com
60,Carrie Warren,carriewarren@gmail.com
61,Theodore Kim,theodorekim@gmail.com
62,Juan Cardenas,juancardenas@gmail.com
63,Brenda Lenoir,brendalenoir@gmail.com
64,Mildred Lewis,mildredlewis@gmail.com
65,Bradford Farley,bradfordfarley@gmail.com
66,Barbara Keys,barbarakeys@gmail.com
67,Maria Macon,mariamacon@gmail.com
68,James Bevelacqua,jamesbevelacqua@gmail.com
69,Ana Ramirez,anaramirez@gmail.com
70,Marshall Maglio,marshallmaglio@gmail.com
71,Dennis Knight,dennisknight@gmail.com
72,Susan Conroy,susanconroy@gmail.com
73,Lindsey George,lindseygeorge@gmail.com
74,Carolyn Gagne,carolyngagne@gmail.com
75,Benjamin Corke,benjamincorke@gmail.com
76,Lisa Tillotson,lisatillotson@gmail.com
77,Dorothy Wilson,dorothywilson@gmail.com
78,Pamela Goode,pamelagoode@gmail.com
79,Stephanie Gosnell,stephaniegosnell@gmail.com
80,Paul Goode,paulgoode@gmail.com
81,Joyce Greene,joycegreene@gmail.com
82,Marie Alvarado,mariealvarado@gmail.com
83,Bruce Cho,brucecho@gmail.com
84,Joshua Doiron,joshuadoiron@gmail.com
85,Lydia Popp,lydiapopp@gmail.com
86,Robert Thompson,robertthompson@gmail.com
87,Billy Rowe,billyrowe@gmail.com
88,Wanda Murrietta,wandamurrietta@gmail.com
89,Jason Savage,jasonsavage@gmail.com
90,Kali Thomas,kalithomas@gmail.com
91,Tina Byler,tinabyler@gmail.com
92,Maria Villanueva,mariavillanueva@gmail.com
93,Jeremy Anthony,jeremyanthony@gmail.com
94,Sheryl Nicholson,sherylnicholson@gmail.com
95,Yvonne Zwagerman,yvonnezwagerman@gmail.com
96,Janeen Rodriguez,janeenrodriguez@gmail.com
97,Eleanore Freeland,eleanorefreeland@gmail.com
98,Lloyd Haydon,lloydhaydon@gmail.com
99,Rita Williams,ritawilliams@gmail.com
